{"cameraMode":{"drawMode":0,"name":"Shaded","section":"Shading Mode"},"sceneLighting":true,"audioPlay":false,"sceneViewState":{"showFog":true,"showMaterialUpdate":false,"showSkybox":true,"showFlares":true,"showImageEffects":true,"showParticleSystems":true},"in2DMode":false,"pivot":{"x":0.18219923973083497,"y":0.43818405270576479,"z":2.2552809715270998},"rotation":{"x":-0.09005769342184067,"y":0.7754229307174683,"z":-0.11362844705581665,"w":-0.6145914196968079},"size":1.5485889911651612,"orthographic":false}