{"cameraMode":{"drawMode":0,"name":"Shaded","section":"Shading Mode"},"sceneLighting":false,"audioPlay":false,"sceneViewState":{"showFog":true,"showMaterialUpdate":false,"showSkybox":false,"showFlares":true,"showImageEffects":true,"showParticleSystems":true},"in2DMode":false,"pivot":{"x":-0.4909999966621399,"y":0.5988408327102661,"z":-0.48799997568130495},"rotation":{"x":0.22920723259449006,"y":-0.27718955278396609,"z":0.06827574223279953,"w":0.9305771589279175},"size":0.9766771793365479,"orthographic":false}