{"cameraMode":{"drawMode":0,"name":"Shaded","section":"Shading Mode"},"sceneLighting":true,"audioPlay":false,"sceneViewState":{"showFog":true,"showMaterialUpdate":false,"showSkybox":true,"showFlares":true,"showImageEffects":true,"showParticleSystems":true},"in2DMode":false,"pivot":{"x":1.1694841384887696,"y":0.4322555661201477,"z":-0.6800068020820618},"rotation":{"x":0.2003050297498703,"y":-0.08804207295179367,"z":0.018076306208968164,"w":0.9756027460098267},"size":0.36082595586776736,"orthographic":false}