{"cameraMode":{"drawMode":0,"name":"Shaded","section":"Shading Mode"},"sceneLighting":false,"audioPlay":false,"sceneViewState":{"showFog":true,"showMaterialUpdate":false,"showSkybox":false,"showFlares":true,"showImageEffects":true,"showParticleSystems":true},"in2DMode":false,"pivot":{"x":3.083421468734741,"y":1.4359378814697266,"z":-0.6127357482910156},"rotation":{"x":-0.04117875173687935,"y":-0.6899078488349915,"z":0.039367858320474628,"w":-0.721659779548645},"size":1.54655921459198,"orthographic":false}